-- Defines accommodation types with descriptions
INSERT INTO lodging_classes (id, name, description) VALUES
('l1111111-1111-1111-1111-111111111111', 'HOSTEL', 'Budget accommodation with shared facilities, dormitory-style rooms'),
('l2222222-2222-2222-2222-222222222222', 'STANDARD', 'Mid-range hotels with private rooms, standard amenities'),
('l3333333-3333-3333-3333-333333333333', 'PREMIUM', 'Luxury hotels with premium amenities, concierge services');

-- Base nightly rates in USD by city, season, and lodging class
INSERT INTO rate_table (id, city_id, season_id, lodging_class_id, base_nightly_usd, notes) VALUES
('r1111111-1111-1111-1111-111111111111', 'c1111111-1111-1111-1111-111111111111', 's1111111-1111-1111-1111-111111111111', 'l1111111-1111-1111-1111-111111111111', 45.00, 'NYC hostel peak season'),
('r1111111-1111-1111-1111-111111111112', 'c1111111-1111-1111-1111-111111111111', 's1111111-1111-1111-1111-111111111111', 'l2222222-2222-2222-2222-222222222222', 180.00, 'NYC standard peak season'),
('r1111111-1111-1111-1111-111111111113', 'c1111111-1111-1111-1111-111111111111', 's1111111-1111-1111-1111-111111111111', 'l3333333-3333-3333-3333-333333333333', 450.00, 'NYC premium peak season'),
('r1111111-1111-1111-1111-111111111121', 'c1111111-1111-1111-1111-111111111111', 's1111111-1111-1111-1111-111111111112', 'l1111111-1111-1111-1111-111111111111', 35.00, 'NYC hostel shoulder season'),
('r1111111-1111-1111-1111-111111111122', 'c1111111-1111-1111-1111-111111111111', 's1111111-1111-1111-1111-111111111112', 'l2222222-2222-2222-2222-222222222222', 140.00, 'NYC standard shoulder season'),
('r1111111-1111-1111-1111-111111111123', 'c1111111-1111-1111-1111-111111111111', 's1111111-1111-1111-1111-111111111112', 'l3333333-3333-3333-3333-333333333333', 350.00, 'NYC premium shoulder season'),
('r1111111-1111-1111-1111-111111111131', 'c1111111-1111-1111-1111-111111111111', 's1111111-1111-1111-1111-111111111113', 'l1111111-1111-1111-1111-111111111111', 25.00, 'NYC hostel off-peak season'),
('r1111111-1111-1111-1111-111111111132', 'c1111111-1111-1111-1111-111111111111', 's1111111-1111-1111-1111-111111111113', 'l2222222-2222-2222-2222-222222222222', 100.00, 'NYC standard off-peak season'),
('r1111111-1111-1111-1111-111111111133', 'c1111111-1111-1111-1111-111111111111', 's1111111-1111-1111-1111-111111111113', 'l3333333-3333-3333-3333-333333333333', 250.00, 'NYC premium off-peak season'),

('r2222222-2222-2222-2222-222222222211', 'c2222222-2222-2222-2222-222222222222', 's2222222-2222-2222-2222-222222222221', 'l1111111-1111-1111-1111-111111111111', 40.00, 'London hostel peak season'),
('r2222222-2222-2222-2222-222222222212', 'c2222222-2222-2222-2222-222222222222', 's2222222-2222-2222-2222-222222222221', 'l2222222-2222-2222-2222-222222222222', 160.00, 'London standard peak season'),
('r2222222-2222-2222-2222-222222222213', 'c2222222-2222-2222-2222-222222222222', 's2222222-2222-2222-2222-222222222221', 'l3333333-3333-3333-3333-333333333333', 400.00, 'London premium peak season'),
('r2222222-2222-2222-2222-222222222221', 'c2222222-2222-2222-2222-222222222222', 's2222222-2222-2222-2222-222222222222', 'l1111111-1111-1111-1111-111111111111', 30.00, 'London hostel shoulder season'),
('r2222222-2222-2222-2222-222222222222', 'c2222222-2222-2222-2222-222222222222', 's2222222-2222-2222-2222-222222222222', 'l2222222-2222-2222-2222-222222222222', 120.00, 'London standard shoulder season'),
('r2222222-2222-2222-2222-222222222223', 'c2222222-2222-2222-2222-222222222222', 's2222222-2222-2222-2222-222222222222', 'l3333333-3333-3333-3333-333333333333', 300.00, 'London premium shoulder season'),
('r2222222-2222-2222-2222-222222222231', 'c2222222-2222-2222-2222-222222222222', 's2222222-2222-2222-2222-222222222223', 'l1111111-1111-1111-1111-111111111111', 20.00, 'London hostel off-peak season'),
('r2222222-2222-2222-2222-222222222232', 'c2222222-2222-2222-2222-222222222222', 's2222222-2222-2222-2222-222222222223', 'l2222222-2222-2222-2222-222222222222', 80.00, 'London standard off-peak season'),
('r2222222-2222-2222-2222-222222222233', 'c2222222-2222-2222-2222-222222222222', 's2222222-2222-2222-2222-222222222223', 'l3333333-3333-3333-3333-333333333333', 200.00, 'London premium off-peak season'),

('r3333333-3333-3333-3333-333333333311', 'c3333333-3333-3333-3333-333333333333', 's3333333-3333-3333-3333-333333333331', 'l1111111-1111-1111-1111-111111111111', 35.00, 'Paris hostel peak season'),
('r3333333-3333-3333-3333-333333333312', 'c3333333-3333-3333-3333-333333333333', 's3333333-3333-3333-3333-333333333331', 'l2222222-2222-2222-2222-222222222222', 150.00, 'Paris standard peak season'),
('r3333333-3333-3333-3333-333333333313', 'c3333333-3333-3333-3333-333333333333', 's3333333-3333-3333-3333-333333333331', 'l3333333-3333-3333-3333-333333333333', 380.00, 'Paris premium peak season'),
('r3333333-3333-3333-3333-333333333321', 'c3333333-3333-3333-3333-333333333333', 's3333333-3333-3333-3333-333333333332', 'l1111111-1111-1111-1111-111111111111', 28.00, 'Paris hostel shoulder season'),
('r3333333-3333-3333-3333-333333333322', 'c3333333-3333-3333-3333-333333333333', 's3333333-3333-3333-3333-333333333332', 'l2222222-2222-2222-2222-222222222222', 110.00, 'Paris standard shoulder season'),
('r3333333-3333-3333-3333-333333333323', 'c3333333-3333-3333-3333-333333333333', 's3333333-3333-3333-3333-333333333332', 'l3333333-3333-3333-3333-333333333333', 280.00, 'Paris premium shoulder season'),
('r3333333-3333-3333-3333-333333333331', 'c3333333-3333-3333-3333-333333333333', 's3333333-3333-3333-3333-333333333333', 'l1111111-1111-1111-1111-111111111111', 22.00, 'Paris hostel off-peak season'),
('r3333333-3333-3333-3333-333333333332', 'c3333333-3333-3333-3333-333333333333', 's3333333-3333-3333-3333-333333333333', 'l2222222-2222-2222-2222-222222222222', 85.00, 'Paris standard off-peak season'),
('r3333333-3333-3333-3333-333333333333', 'c3333333-3333-3333-3333-333333333333', 's3333333-3333-3333-3333-333333333333', 'l3333333-3333-3333-3333-333333333333', 220.00, 'Paris premium off-peak season'),

('r4444444-4444-4444-4444-444444444411', 'c4444444-4444-4444-4444-444444444444', 's4444444-4444-4444-4444-444444444441', 'l1111111-1111-1111-1111-111111111111', 30.00, 'Tokyo hostel peak season'),
('r4444444-4444-4444-4444-444444444412', 'c4444444-4444-4444-4444-444444444444', 's4444444-4444-4444-4444-444444444441', 'l2222222-2222-2222-2222-222222222222', 120.00, 'Tokyo standard peak season'),
('r4444444-4444-4444-4444-444444444413', 'c4444444-4444-4444-4444-444444444444', 's4444444-4444-4444-4444-444444444441', 'l3333333-3333-3333-3333-333333333333', 320.00, 'Tokyo premium peak season'),
('r4444444-4444-4444-4444-444444444421', 'c4444444-4444-4444-4444-444444444444', 's4444444-4444-4444-4444-444444444442', 'l1111111-1111-1111-1111-111111111111', 25.00, 'Tokyo hostel shoulder season'),
('r4444444-4444-4444-4444-444444444422', 'c4444444-4444-4444-4444-444444444444', 's4444444-4444-4444-4444-444444444442', 'l2222222-2222-2222-2222-222222222222', 100.00, 'Tokyo standard shoulder season'),
('r4444444-4444-4444-4444-444444444423', 'c4444444-4444-4444-4444-444444444444', 's4444444-4444-4444-4444-444444444442', 'l3333333-3333-3333-3333-333333333333', 260.00, 'Tokyo premium shoulder season'),
('r4444444-4444-4444-4444-444444444431', 'c4444444-4444-4444-4444-444444444444', 's4444444-4444-4444-4444-444444444443', 'l1111111-1111-1111-1111-111111111111', 20.00, 'Tokyo hostel off-peak season'),
('r4444444-4444-4444-4444-444444444432', 'c4444444-4444-4444-4444-444444444444', 's4444444-4444-4444-4444-444444444443', 'l2222222-2222-2222-2222-222222222222', 75.00, 'Tokyo standard off-peak season'),
('r4444444-4444-4444-4444-444444444433', 'c4444444-4444-4444-4444-444444444444', 's4444444-4444-4444-4444-444444444443', 'l3333333-3333-3333-3333-333333333333', 200.00, 'Tokyo premium off-peak season'),

('r5555555-5555-5555-5555-555555555511', 'c5555555-5555-5555-5555-555555555555', 's5555555-5555-5555-5555-555555555551', 'l1111111-1111-1111-1111-111111111111', 50.00, 'Sydney hostel peak season'),
('r5555555-5555-5555-5555-555555555512', 'c5555555-5555-5555-5555-555555555555', 's5555555-5555-5555-5555-555555555551', 'l2222222-2222-2222-2222-222222222222', 200.00, 'Sydney standard peak season'),
('r5555555-5555-5555-5555-555555555513', 'c5555555-5555-5555-5555-555555555555', 's5555555-5555-5555-5555-555555555551', 'l3333333-3333-3333-3333-333333333333', 500.00, 'Sydney premium peak season'),
('r5555555-5555-5555-5555-555555555521', 'c5555555-5555-5555-5555-555555555555', 's5555555-5555-5555-5555-555555555552', 'l1111111-1111-1111-1111-111111111111', 40.00, 'Sydney hostel shoulder season'),
('r5555555-5555-5555-5555-555555555522', 'c5555555-5555-5555-5555-555555555555', 's5555555-5555-5555-5555-555555555552', 'l2222222-2222-2222-2222-222222222222', 160.00, 'Sydney standard shoulder season'),
('r5555555-5555-5555-5555-555555555523', 'c5555555-5555-5555-5555-555555555555', 's5555555-5555-5555-5555-555555555552', 'l3333333-3333-3333-3333-333333333333', 400.00, 'Sydney premium shoulder season'),
('r5555555-5555-5555-5555-555555555531', 'c5555555-5555-5555-5555-555555555555', 's5555555-5555-5555-5555-555555555553', 'l1111111-1111-1111-1111-111111111111', 30.00, 'Sydney hostel off-peak season'),
('r5555555-5555-5555-5555-555555555532', 'c5555555-5555-5555-5555-555555555555', 's5555555-5555-5555-5555-555555555553', 'l2222222-2222-2222-2222-222222222222', 120.00, 'Sydney standard off-peak season'),
('r5555555-5555-5555-5555-555555555533', 'c5555555-5555-5555-5555-555555555555', 's5555555-5555-5555-5555-555555555553', 'l3333333-3333-3333-3333-333333333333', 300.00, 'Sydney premium off-peak season'),

('r6666666-6666-6666-6666-666666666611', 'c6666666-6666-6666-6666-666666666666', 's6666666-6666-6666-6666-666666666661', 'l1111111-1111-1111-1111-111111111111', 32.00, 'Rome hostel peak season'),
('r6666666-6666-6666-6666-666666666612', 'c6666666-6666-6666-6666-666666666666', 's6666666-6666-6666-6666-666666666661', 'l2222222-2222-2222-2222-222222222222', 130.00, 'Rome standard peak season'),
('r6666666-6666-6666-6666-666666666613', 'c6666666-6666-6666-6666-666666666666', 's6666666-6666-6666-6666-666666666661', 'l3333333-3333-3333-3333-333333333333', 330.00, 'Rome premium peak season'),
('r6666666-6666-6666-6666-666666666621', 'c6666666-6666-6666-6666-666666666666', 's6666666-6666-6666-6666-666666666662', 'l1111111-1111-1111-1111-111111111111', 26.00, 'Rome hostel shoulder season'),
('r6666666-6666-6666-6666-666666666622', 'c6666666-6666-6666-6666-666666666666', 's6666666-6666-6666-6666-666666666662', 'l2222222-2222-2222-2222-222222222222', 100.00, 'Rome standard shoulder season'),
('r6666666-6666-6666-6666-666666666623', 'c6666666-6666-6666-6666-666666666666', 's6666666-6666-6666-6666-666666666662', 'l3333333-3333-3333-3333-333333333333', 250.00, 'Rome premium shoulder season'),
('r6666666-6666-6666-6666-666666666631', 'c6666666-6666-6666-6666-666666666666', 's6666666-6666-6666-6666-666666666663', 'l1111111-1111-1111-1111-111111111111', 20.00, 'Rome hostel off-peak season'),
('r6666666-6666-6666-6666-666666666632', 'c6666666-6666-6666-6666-666666666666', 's6666666-6666-6666-6666-666666666663', 'l2222222-2222-2222-2222-222222222222', 75.00, 'Rome standard off-peak season'),
('r6666666-6666-6666-6666-666666666633', 'c6666666-6666-6666-6666-666666666666', 's6666666-6666-6666-6666-666666666663', 'l3333333-3333-3333-3333-333333333333', 180.00, 'Rome premium off-peak season');

-- Historical exchange rates
INSERT INTO fx_snapshots (id, as_of_date, base_currency, quote_currency, rate) VALUES
('f0101010-0101-0101-0101-010101010101', '2024-01-15', 'USD', 'EUR', 0.9200),
('f0101010-0101-0101-0101-010101010102', '2024-01-15', 'USD', 'GBP', 0.7900),
('f0101010-0101-0101-0101-010101010103', '2024-01-15', 'USD', 'JPY', 148.50),
('f0101010-0101-0101-0101-010101010104', '2024-01-15', 'USD', 'AUD', 1.5200),
('f0202020-0202-0202-0202-020202020201', '2024-02-15', 'USD', 'EUR', 0.9250),
('f0202020-0202-0202-0202-020202020202', '2024-02-15', 'USD', 'GBP', 0.7950),
('f0202020-0202-0202-0202-020202020203', '2024-02-15', 'USD', 'JPY', 150.20),
('f0202020-0202-0202-0202-020202020204', '2024-02-15', 'USD', 'AUD', 1.5350),
('f0303030-0303-0303-0303-030303030301', '2024-03-15', 'USD', 'EUR', 0.9150),
('f0303030-0303-0303-0303-030303030302', '2024-03-15', 'USD', 'GBP', 0.7850),
('f0303030-0303-0303-0303-030303030303', '2024-03-15', 'USD', 'JPY', 149.80),
('f0303030-0303-0303-0303-030303030304', '2024-03-15', 'USD', 'AUD', 1.5250),
('f1212121-1212-1212-1212-121212121201', '2024-12-15', 'USD', 'EUR', 0.9500),
('f1212121-1212-1212-1212-121212121202', '2024-12-15', 'USD', 'GBP', 0.8300),
('f1212121-1212-1212-1212-121212121203', '2024-12-15', 'USD', 'JPY', 157.20),
('f1212121-1212-1212-1212-121212121204', '2024-12-15', 'USD', 'AUD', 1.5600),

('f0101010-0101-0101-0101-010101010111', '2024-01-15', 'EUR', 'USD', 1.0870),
('f0101010-0101-0101-0101-010101010121', '2024-01-15', 'GBP', 'USD', 1.2660),
('f0101010-0101-0101-0101-010101010131', '2024-01-15', 'JPY', 'USD', 0.00673),
('f0101010-0101-0101-0101-010101010141', '2024-01-15', 'AUD', 'USD', 0.6580),
('f1212121-1212-1212-1212-121212121211', '2024-12-15', 'EUR', 'USD', 1.0530),
('f1212121-1212-1212-1212-121212121221', '2024-12-15', 'GBP', 'USD', 1.2050),
('f1212121-1212-1212-1212-121212121231', '2024-12-15', 'JPY', 'USD', 0.00636),
('f1212121-1212-1212-1212-121212121241', '2024-12-15', 'AUD', 'USD', 0.6410);

-- City-specific taxes and fees
INSERT INTO taxes_fees (id, city_id, lodging_tax_percent, fixed_fee_usd, description, is_active) VALUES
('t1111111-1111-1111-1111-111111111111', 'c1111111-1111-1111-1111-111111111111', 14.75, 3.50, 'NYC hotel tax + occupancy tax', TRUE),
('t2222222-2222-2222-2222-222222222222', 'c2222222-2222-2222-2222-222222222222', 20.00, 0.00, 'UK VAT on accommodation', TRUE),
('t3333333-3333-3333-3333-333333333333', 'c3333333-3333-3333-3333-333333333333', 10.00, 2.50, 'French hotel tax + city tax', TRUE),
('t4444444-4444-4444-4444-444444444444', 'c4444444-4444-4444-4444-444444444444', 10.00, 0.00, 'Japanese consumption tax', TRUE),
('t5555555-5555-5555-5555-555555555555', 'c5555555-5555-5555-5555-555555555555', 10.00, 0.00, 'Australian GST', TRUE),
('t6666666-6666-6666-6666-666666666666', 'c6666666-6666-6666-6666-666666666666', 10.00, 7.00, 'Italian IVA + city tax', TRUE);

-- Regional taxes
INSERT INTO taxes_fees (id, region_name, lodging_tax_percent, fixed_fee_usd, description, is_active) VALUES
('te111111-1111-1111-1111-111111111111', 'EUROPE', 0.00, 5.00, 'European tourism fee', TRUE),
('ta111111-1111-1111-1111-111111111111', 'ASIA_PACIFIC', 0.00, 2.00, 'Asia-Pacific tourism fee', TRUE);

-- Discount codes and special offers
INSERT INTO promos (id, code, type, value, min_amount_usd, max_discount_usd, valid_from, valid_until, usage_limit, description, is_active) VALUES
('p1111111-1111-1111-1111-111111111111', 'WELCOME10', 'percent', 10.00, 100.00, 50.00, '2024-01-01', '2024-12-31', 1000, 'Welcome discount - 10% off', TRUE),
('p1111111-1111-1111-1111-111111111112', 'EARLYBIRD15', 'percent', 15.00, 200.00, 100.00, '2024-01-01', '2024-06-30', 500, 'Early bird discount - 15% off', TRUE),
('p1111111-1111-1111-1111-111111111113', 'SUMMER20', 'percent', 20.00, 150.00, 75.00, '2024-06-01', '2024-08-31', 200, 'Summer special - 20% off', TRUE),
('p1111111-1111-1111-1111-111111111114', 'STUDENT5', 'percent', 5.00, 50.00, 25.00, '2024-01-01', '2024-12-31', 2000, 'Student discount - 5% off', TRUE),
('p2222222-2222-2222-2222-222222222221', 'SAVE25', 'fixed', 25.00, 200.00, 25.00, '2024-01-01', '2024-12-31', 500, 'Save $25 on bookings over $200', TRUE),
('p2222222-2222-2222-2222-222222222222', 'WEEKEND50', 'fixed', 50.00, 500.00, 50.00, '2024-01-01', '2024-12-31', 100, 'Weekend getaway - $50 off', TRUE),
('p2222222-2222-2222-2222-222222222223', 'LONGSTAY100', 'fixed', 100.00, 1000.00, 100.00, '2024-01-01', '2024-12-31', 50, 'Long stay - $100 off', TRUE),
('p3333333-3333-3333-3333-333333333331', 'SPRING30', 'percent', 30.00, 300.00, 150.00, '2024-03-01', '2024-05-31', 100, 'Spring travel - 30% off', TRUE),
('p3333333-3333-3333-3333-333333333332', 'WINTER25', 'percent', 25.00, 250.00, 125.00, '2024-11-01', '2025-02-28', 150, 'Winter escape - 25% off', TRUE),
('p4444444-4444-4444-4444-444444444441', 'NEWYEAR2024', 'fixed', 75.00, 750.00, 75.00, '2024-01-01', '2024-01-31', 75, 'New Year - $75 off', TRUE),
('p4444444-4444-4444-4444-444444444442', 'BLACKFRIDAY', 'percent', 40.00, 400.00, 200.00, '2024-11-24', '2024-11-30', 50, 'Black Friday - 40% off', TRUE),
('p4444444-4444-4444-4444-444444444443', 'CYBERMONDAY', 'percent', 35.00, 350.00, 175.00, '2024-12-02', '2024-12-02', 100, 'Cyber Monday - 35% off', TRUE);
